1269381,0000.png
1269421,00001.png
1269461,00002.png
1269501,00003.png
1269541,00004.png
1269581,00005.png
1269621,00006.png
1269661,00007.png
1269701,00008.png
1269741,00009.png
1269781,00010.png
1269821,00011.png
1269861,00012.png
1269941,00013.png
1269981,00014.png
1270021,00015.png
1270061,00016.png
1270101,00017.png
1270141,00018.png
1270181,00019.png
1270221,00020.png
1270261,00021.png
1270301,00022.png
1270341,00023.png
1270381,00024.png
1270421,00025.png
1270461,00026.png
1270541,00027.png
1270581,00028.png
1270621,00029.png
1270661,00030.png
1270701,00031.png
1270741,00032.png
1270781,00033.png
1270821,00034.png
1270861,00035.png
1270901,00036.png
1270941,00037.png
1270981,00038.png
1271021,00039.png
1271061,00040.png
1271101,00041.png
1271181,00042.png
1271221,00043.png
1271261,00044.png
1271301,00045.png
1271341,00046.png
1271381,00047.png
1271421,00048.png
1271461,00049.png
1271501,00050.png
1271541,00051.png
1271621,00052.png
1271661,00053.png
1271701,00054.png
1271741,00055.png
1271821,00056.png
1271901,00057.png
1271981,00058.png
1272061,00059.png
1272141,00060.png
1272221,00061.png
1272301,00062.png
1272381,00063.png
1272461,00064.png
1272541,00065.png
1272621,00066.png
1272701,00067.png
1272781,00068.png
1272861,00069.png
1272941,00070.png
1273021,00071.png
1273101,00072.png
1273181,00073.png
1273261,00074.png
1273341,00075.png
1273421,00076.png
1273501,00077.png
1273541,00078.png
1273621,00079.png
1273701,00080.png
1273781,00081.png
1273861,00082.png
1273941,00083.png
1274021,00084.png
1274101,00085.png
1274181,00086.png
1274261,00087.png
1274341,00088.png
1274421,00089.png
1274501,00090.png
1274581,00091.png
1274661,00092.png
1274741,00093.png
1274821,00094.png
1274901,00095.png
1274981,00096.png
1275061,00097.png
1275141,00098.png
1275221,00099.png
1275301,00100.png
1275381,00101.png
1275461,00102.png
1275541,00103.png
1275621,00104.png
1275701,00105.png
1275781,00106.png
1275861,00107.png
1275941,00108.png
1276021,00109.png
1276101,00110.png
1276181,00111.png
1276261,00112.png
1276381,00113.png
1276461,00114.png
1276541,00115.png
1276621,00116.png
1276661,00117.png
1276741,00118.png
1276821,00119.png
1276901,00120.png
1276981,00121.png
1277061,00122.png
1277141,00123.png
1277221,00124.png
1277301,00125.png
1277381,00126.png
1277461,00127.png
1277541,00128.png
1277621,00129.png
1277701,00130.png
1277781,00131.png
1277861,00132.png
1277941,00133.png
1278021,00134.png
1278101,00135.png
1278181,00136.png
1278261,00137.png
1278341,00138.png
1278421,00139.png
1278501,00140.png
1278581,00141.png
1278661,00142.png
1278741,00143.png
1278821,00144.png
1278901,00145.png
1278981,00146.png
1279061,00147.png
1279141,00148.png
1279221,00149.png
1279301,00150.png
